id,title,company,link
f725507c8f52e8fa,Junior Data Scientist Co-op,Canada Life Assurance Company,https://ca.indeed.com/jobs?q=data+science+internship&l=Toronto&vjk=f725507c8f52e8fa
75070628488a5226,LIFE Data Science Co-op (2021 Summer â€“ Toronto),Munich RE,https://ca.indeed.com/jobs?q=data+science+internship&l=Toronto&vjk=75070628488a5226
bb4533e22c691627,Intern - Data Science,MightyHive,https://ca.indeed.com/jobs?q=data+science+internship&l=Toronto&vjk=bb4533e22c691627
8ee2d4495eca9170,Data Science Intern - Summer 2021,Zynga,https://ca.indeed.com/jobs?q=data+science+internship&l=Toronto&vjk=8ee2d4495eca9170
0e740a2b5e8db996,Data Science Intern,AOMS Technologies Inc.,https://ca.indeed.com/jobs?q=data+science+internship&l=Toronto&vjk=0e740a2b5e8db996
e9d19328a3d7ab67,"Internal Auditor & Data Analyst, Summer 2021 Student Opportunities",RBC,https://ca.indeed.com/jobs?q=data+science+internship&l=Toronto&vjk=e9d19328a3d7ab67
afa5b6c3eda8a8bf,Data Scientist Co-op (Summer 2021 4-month Term),Oxford Properties,https://ca.indeed.com/jobs?q=data+science+internship&l=Toronto&vjk=afa5b6c3eda8a8bf
1bdf42b3d5b3e409,"Data Scientist, Summer Student 2021 Opportunities",RBC,https://ca.indeed.com/jobs?q=data+science+internship&l=Toronto&vjk=1bdf42b3d5b3e409
239afaee735b95e7,Data Science / Machine Vision Intern,Relay Medical Corp.,https://ca.indeed.com/jobs?q=data+science+internship&l=Toronto&vjk=239afaee735b95e7
a822b507b9ad9042,Business Intelligence Intern (12 months),BMW Group Financial Services Canada,https://ca.indeed.com/jobs?q=data+science+internship&l=Toronto&vjk=a822b507b9ad9042
27a5e75885cb4687,Risk Analytics Co-op (Summer 2021 4 or 8-month Term),OMERS,https://ca.indeed.com/jobs?q=data+science+internship&l=Toronto&vjk=27a5e75885cb4687
e6436c158bbfdec2,"Student Intern, Data Analyst & Quote Controller",Celestica,https://ca.indeed.com/jobs?q=data+science+internship&l=Toronto&vjk=e6436c158bbfdec2
6d0adcbea537386e,Machine Learning - Ph.D. Internship,Instacart,https://ca.indeed.com/jobs?q=data+science+internship&l=Toronto&vjk=6d0adcbea537386e
a3d561557ac0a164,"Machine Learning Intern, Speech Recognition, M.S. / Ph.D., Summer 2021",SoundHound Inc.,https://ca.indeed.com/jobs?q=data+science+internship&l=Toronto&vjk=a3d561557ac0a164
531146a127bcb248,"Research Intern, Eye Tracking - Machine Learning (PhD)",Facebook,https://ca.indeed.com/jobs?q=data+science+internship&l=Toronto&vjk=531146a127bcb248
